topic,title,year,journal_or_source,evidence_type,pmid,pmcid,doi,access_url,open_access,clinical_use,library_tags
menstrual_health,Worldwide prevalence of dysmenorrhea: a systematic review and meta-analysis across 70 countries,2025,Pain,Systematic review and meta-analysis,41031966,,,https://pubmed.ncbi.nlm.nih.gov/41031966/,Check publisher/PubMed full-text links,Burden and prevalence context; useful for explaining how common dysmenorrhea is and why persistent/severe symptoms merit assessment.,dysmenorrhea|prevalence|menstrual-pain|global
menstrual_health,"Heavy menstrual bleeding and dysmenorrhea in adolescents: A systematic review of self-management strategies, quality of life, and unmet needs",2024,International Journal of Gynecology & Obstetrics,Systematic review,38654586,,10.1002/ijgo.15554,https://pubmed.ncbi.nlm.nih.gov/38654586/,Check publisher/PubMed full-text links,"Self-care, quality-of-life impact and unmet needs in younger users.",heavy-menstrual-bleeding|dysmenorrhea|adolescents|quality-of-life
menstrual_health,Interventions for heavy menstrual bleeding; overview of Cochrane reviews and network meta-analysis,2022,Cochrane Database of Systematic Reviews,Overview of Cochrane reviews and network meta-analysis,35638592,PMC9153244,10.1002/14651858.CD013180.pub2,https://pmc.ncbi.nlm.nih.gov/articles/PMC9153244/,Yes,High-level evidence on treatment options for heavy menstrual bleeding.,heavy-menstrual-bleeding|treatment|LNG-IUS|antifibrinolytics|NSAIDs
menstrual_health,Primary Dysmenorrhea: Assessment and Treatment,2020,Revista Brasileira de Ginecologia e Obstetrícia,Clinical review,32559803,PMC10309238,10.1055/s-0040-1712131,https://pmc.ncbi.nlm.nih.gov/articles/PMC10309238/,Yes,"Clinical overview of assessment, differential diagnosis and treatment of primary dysmenorrhea.",dysmenorrhea|assessment|treatment|red-flags
healthy_aging,A systematic review and critical appraisal of menopause guidelines,2024,BMJ Sexual & Reproductive Health,Systematic review and guideline appraisal,38336466,,10.1136/bmjsrh-2023-202099,https://pubmed.ncbi.nlm.nih.gov/38336466/,Free article,Compares current menopause guidance and identifies the more robust guideline recommendations.,menopause|guidelines|clinical-practice|healthy-aging
healthy_aging,The role of menopausal symptoms on future health and longevity: A systematic scoping review of longitudinal evidence,2024,Maturitas,Systematic scoping review,39366170,,10.1016/j.maturitas.2024.108130,https://pubmed.ncbi.nlm.nih.gov/39366170/,Free article,Links menopausal symptoms with later health outcomes and healthy-aging considerations.,menopause|healthspan|longevity|cardiometabolic|bone-health
healthy_aging,The 2022 hormone therapy position statement of The North American Menopause Society,2022,Menopause,Evidence-based clinical position statement,35797481,,10.1097/GME.0000000000002028,https://pubmed.ncbi.nlm.nih.gov/35797481/,Check publisher/PubMed full-text links,"Core clinical source for benefits, risks, indications and individualized use of menopausal hormone therapy.",menopause|hormone-therapy|vasomotor-symptoms|bone-health|GSM
healthy_aging,The Efficacy of Strength Exercises for Reducing the Symptoms of Menopause: A Systematic Review,2023,Journal of Clinical Medicine,Systematic review,36675477,PMC9864448,10.3390/jcm12020548,https://pmc.ncbi.nlm.nih.gov/articles/PMC9864448/,Yes,"Evidence on strength training for menopausal symptoms, physical function and bone/metabolic outcomes.",menopause|exercise|strength-training|bone-density|cardiometabolic-health
postpartum,What delivery-related factors affect postpartum recovery? A systematic review,2025,AJOG Global Reports,Systematic review,40458539,,10.1016/j.xagr.2025.100496,https://pubmed.ncbi.nlm.nih.gov/40458539/,Check publisher/PubMed full-text links,Recent synthesis of delivery-related factors that influence postpartum recovery.,postpartum|recovery|delivery|maternal-health
postpartum,Postpartum Care up to 1 Year After Pregnancy: A Systematic Review and Meta-Analysis,2023,Agency for Healthcare Research and Quality (Comparative Effectiveness Review No. 261),Systematic review and meta-analysis,37315166,,10.23970/AHRQEPCCER261,https://www.ncbi.nlm.nih.gov/books/NBK592637/,"Yes, public-domain NCBI Bookshelf",Comprehensive evidence review of postpartum care strategies through one year after pregnancy.,postpartum|care-delivery|maternal-health|contraception|mental-health
postpartum,Postpartum care indications and methodological quality: a systematic review of guidelines,2022,Journal of Public Health,Systematic review of clinical guidelines,34306970,PMC8288832,10.1007/s10389-021-01629-4,https://pmc.ncbi.nlm.nih.gov/articles/PMC8288832/,Yes,Compares postpartum clinical guidance and highlights recommended care domains and gaps.,postpartum|guidelines|breastfeeding|nutrition|contraception|mental-health
postpartum,Postpartum care content and delivery throughout the African continent: An integrative review,2021,Midwifery,Integrative review,33740519,PMC8985233,10.1016/j.midw.2021.102976,https://pmc.ncbi.nlm.nih.gov/articles/PMC8985233/,Yes,"Directly relevant African evidence on postpartum care content, delivery models and service gaps.",postpartum|Africa|maternal-health|family-planning|health-literacy
sexual_health,The influence of gender norms on women's sexual and reproductive health outcomes: a systematic review,2025,BMC Women's Health,Systematic review,40361075,PMC12076893,10.1186/s12905-025-03768-2,https://pmc.ncbi.nlm.nih.gov/articles/PMC12076893/,Yes,Useful contextual evidence for how gender norms influence sexual and reproductive health behaviors and outcomes.,sexual-health|reproductive-health|gender-norms|family-planning|maternal-health
sexual_health,Sexually transmitted infections and female reproductive health,2022,Nature Reviews Microbiology,Clinical/scientific review,35918418,PMC9362696,10.1038/s41564-022-01177-x,https://pmc.ncbi.nlm.nih.gov/articles/PMC9362696/,Yes,"Strong clinical review of STI burden, complications, diagnosis, treatment and prevention in women.",sexual-health|STI|reproductive-health|diagnosis|treatment|prevention
sexual_health,Behavioral Therapies for Treating Female Sexual Dysfunctions: A State-of-the-Art Review,2022,Journal of Clinical Medicine,State-of-the-art clinical review,35628920,PMC9144766,10.3390/jcm11102794,https://pmc.ncbi.nlm.nih.gov/articles/PMC9144766/,Yes,Evidence-based overview of behavioral treatment approaches for female sexual dysfunction.,sexual-health|sexual-dysfunction|CBT|mindfulness|sexual-pain
sexual_health,A scoping review on women’s sexual health in the postpartum period: opportunities for research and practice within low-and middle-income countries,2022,Reproductive Health,Scoping review,35527298,PMC9079206,10.1186/s12978-022-01399-6,https://pmc.ncbi.nlm.nih.gov/articles/PMC9079206/,Yes,"LMIC-focused evidence on postpartum sexual function, dysfunction and counseling needs.",sexual-health|postpartum|LMIC|dyspareunia|sexual-function
mental_health,Optimizing Mental Health for Women: Recognizing and Treating Mood Disorders Throughout the Lifespan,2023,Journal of Clinical Psychiatry,Clinical review,37728480,,10.4088/JCP.vtsmdd2136ahc,https://pubmed.ncbi.nlm.nih.gov/37728480/,Free article,Life-course framing for recognizing and treating mood disorders in women.,mental-health|depression|mood-disorders|pregnancy|postpartum|menopause
mental_health,Sex hormone fluctuation and increased female risk for depression and anxiety disorders: From clinical evidence to molecular mechanisms,2022,Frontiers in Neuroendocrinology,Clinical/scientific review,35716803,PMC9715398,10.1016/j.yfrne.2022.101010,https://pmc.ncbi.nlm.nih.gov/articles/PMC9715398/,Yes,Explains female-specific biological vulnerability to depression and anxiety across hormonal transitions.,mental-health|depression|anxiety|hormones|menstrual-cycle|menopause
mental_health,Screening for Anxiety in Adolescent and Adult Women: A Systematic Review for the Women's Preventive Services Initiative,2020,Annals of Internal Medicine,Systematic review,32510989,,10.7326/M20-0579,https://pubmed.ncbi.nlm.nih.gov/32510989/,Check publisher/PubMed full-text links,Evidence base for anxiety screening in adolescent girls and adult women.,mental-health|anxiety|screening|women|primary-care
mental_health,Effectiveness of Digital Mental Health Tools to Reduce Depressive and Anxiety Symptoms in Low- and Middle-Income Countries: Systematic Review and Meta-analysis,2023,JMIR Mental Health,Systematic review and meta-analysis,36939820,PMC10131603,10.2196/43066,https://pmc.ncbi.nlm.nih.gov/articles/PMC10131603/,Yes,Especially relevant to NuruWomen as evidence for digital mental-health interventions in LMIC settings.,mental-health|LMIC|digital-health|depression|anxiety|mHealth
