mvp_topic,country,records,level
Menstrual health,Algeria,0,0
Menstrual health,Angola,1,1
Menstrual health,Benin,1,1
Menstrual health,Botswana,0,0
Menstrual health,Burkina Faso,1,1
Menstrual health,Burundi,1,1
Menstrual health,Cabo Verde,0,0
Menstrual health,Cameroon,1,1
Menstrual health,Central African Republic,0,0
Menstrual health,Chad,1,1
Menstrual health,Comoros,1,1
Menstrual health,Congo,0,0
Menstrual health,Cote d'Ivoire,1,1
Menstrual health,Democratic Republic of the Congo,1,1
Menstrual health,Equatorial Guinea,0,0
Menstrual health,Eritrea,0,0
Menstrual health,Eswatini,0,0
Menstrual health,Ethiopia,1,1
Menstrual health,Gabon,1,1
Menstrual health,Gambia,1,1
Menstrual health,Ghana,1,1
Menstrual health,Guinea,1,1
Menstrual health,Guinea-Bissau,0,0
Menstrual health,Kenya,1,1
Menstrual health,Lesotho,1,1
Menstrual health,Liberia,1,1
Menstrual health,Madagascar,1,1
Menstrual health,Malawi,1,1
Menstrual health,Mali,0,0
Menstrual health,Mauritius,0,0
Menstrual health,Mauritania,0,0
Menstrual health,Mozambique,0,0
Menstrual health,Namibia,1,1
Menstrual health,Niger,0,0
Menstrual health,Nigeria,1,1
Menstrual health,Rwanda,1,1
Menstrual health,Sao Tome and Principe,1,1
Menstrual health,Senegal,0,0
Menstrual health,Seychelles,0,0
Menstrual health,Sierra Leone,1,1
Menstrual health,South Africa,0,0
Menstrual health,South Sudan,0,0
Menstrual health,United Republic of Tanzania,1,1
Menstrual health,Togo,1,1
Menstrual health,Uganda,1,1
Menstrual health,Zambia,1,1
Menstrual health,Zimbabwe,1,1
Menstrual health,Egypt,0,0
Menstrual health,Libya,0,0
Menstrual health,Morocco,0,0
Menstrual health,Sudan,0,0
Menstrual health,Somalia,0,0
Menstrual health,Tunisia,0,0
Sexual health,Algeria,0,0
Sexual health,Angola,0,0
Sexual health,Benin,2,1
Sexual health,Botswana,0,0
Sexual health,Burkina Faso,2,1
Sexual health,Burundi,2,1
Sexual health,Cabo Verde,0,0
Sexual health,Cameroon,2,1
Sexual health,Central African Republic,0,0
Sexual health,Chad,0,0
Sexual health,Comoros,2,1
Sexual health,Congo,2,1
Sexual health,Cote d'Ivoire,2,1
Sexual health,Democratic Republic of the Congo,2,1
Sexual health,Equatorial Guinea,0,0
Sexual health,Eritrea,0,0
Sexual health,Eswatini,2,1
Sexual health,Ethiopia,2,1
Sexual health,Gabon,2,1
Sexual health,Gambia,0,0
Sexual health,Ghana,2,1
Sexual health,Guinea,2,1
Sexual health,Guinea-Bissau,0,0
Sexual health,Kenya,2,1
Sexual health,Lesotho,2,1
Sexual health,Liberia,2,1
Sexual health,Madagascar,2,1
Sexual health,Malawi,2,1
Sexual health,Mali,2,1
Sexual health,Mauritius,0,0
Sexual health,Mauritania,0,0
Sexual health,Mozambique,2,1
Sexual health,Namibia,2,1
Sexual health,Niger,2,1
Sexual health,Nigeria,2,1
Sexual health,Rwanda,2,1
Sexual health,Sao Tome and Principe,0,0
Sexual health,Senegal,2,1
Sexual health,Seychelles,0,0
Sexual health,Sierra Leone,2,1
Sexual health,South Africa,0,0
Sexual health,South Sudan,0,0
Sexual health,United Republic of Tanzania,2,1
Sexual health,Togo,0,0
Sexual health,Uganda,2,1
Sexual health,Zambia,2,1
Sexual health,Zimbabwe,2,1
Sexual health,Egypt,0,0
Sexual health,Libya,0,0
Sexual health,Morocco,0,0
Sexual health,Sudan,0,0
Sexual health,Somalia,0,0
Sexual health,Tunisia,0,0
Healthy ageing,Algeria,66,2
Healthy ageing,Angola,66,2
Healthy ageing,Benin,66,2
Healthy ageing,Botswana,66,2
Healthy ageing,Burkina Faso,66,2
Healthy ageing,Burundi,66,2
Healthy ageing,Cabo Verde,66,2
Healthy ageing,Cameroon,66,2
Healthy ageing,Central African Republic,66,2
Healthy ageing,Chad,66,2
Healthy ageing,Comoros,66,2
Healthy ageing,Congo,66,2
Healthy ageing,Cote d'Ivoire,66,2
Healthy ageing,Democratic Republic of the Congo,66,2
Healthy ageing,Equatorial Guinea,66,2
Healthy ageing,Eritrea,66,2
Healthy ageing,Eswatini,66,2
Healthy ageing,Ethiopia,66,2
Healthy ageing,Gabon,66,2
Healthy ageing,Gambia,66,2
Healthy ageing,Ghana,66,2
Healthy ageing,Guinea,66,2
Healthy ageing,Guinea-Bissau,66,2
Healthy ageing,Kenya,66,2
Healthy ageing,Lesotho,66,2
Healthy ageing,Liberia,66,2
Healthy ageing,Madagascar,66,2
Healthy ageing,Malawi,66,2
Healthy ageing,Mali,66,2
Healthy ageing,Mauritius,66,2
Healthy ageing,Mauritania,66,2
Healthy ageing,Mozambique,66,2
Healthy ageing,Namibia,66,2
Healthy ageing,Niger,66,2
Healthy ageing,Nigeria,66,2
Healthy ageing,Rwanda,66,2
Healthy ageing,Sao Tome and Principe,66,2
Healthy ageing,Senegal,66,2
Healthy ageing,Seychelles,66,2
Healthy ageing,Sierra Leone,66,2
Healthy ageing,South Africa,66,2
Healthy ageing,South Sudan,66,2
Healthy ageing,United Republic of Tanzania,66,2
Healthy ageing,Togo,66,2
Healthy ageing,Uganda,66,2
Healthy ageing,Zambia,66,2
Healthy ageing,Zimbabwe,66,2
Healthy ageing,Egypt,66,2
Healthy ageing,Libya,66,2
Healthy ageing,Morocco,66,2
Healthy ageing,Sudan,66,2
Healthy ageing,Somalia,66,2
Healthy ageing,Tunisia,66,2
Postpartum,Algeria,39,2
Postpartum,Angola,39,2
Postpartum,Benin,39,2
Postpartum,Botswana,39,2
Postpartum,Burkina Faso,39,2
Postpartum,Burundi,39,2
Postpartum,Cabo Verde,39,2
Postpartum,Cameroon,39,2
Postpartum,Central African Republic,39,2
Postpartum,Chad,39,2
Postpartum,Comoros,39,2
Postpartum,Congo,39,2
Postpartum,Cote d'Ivoire,39,2
Postpartum,Democratic Republic of the Congo,39,2
Postpartum,Equatorial Guinea,39,2
Postpartum,Eritrea,39,2
Postpartum,Eswatini,39,2
Postpartum,Ethiopia,39,2
Postpartum,Gabon,39,2
Postpartum,Gambia,39,2
Postpartum,Ghana,39,2
Postpartum,Guinea,39,2
Postpartum,Guinea-Bissau,39,2
Postpartum,Kenya,39,2
Postpartum,Lesotho,39,2
Postpartum,Liberia,39,2
Postpartum,Madagascar,39,2
Postpartum,Malawi,39,2
Postpartum,Mali,39,2
Postpartum,Mauritius,39,2
Postpartum,Mauritania,39,2
Postpartum,Mozambique,39,2
Postpartum,Namibia,39,2
Postpartum,Niger,39,2
Postpartum,Nigeria,39,2
Postpartum,Rwanda,39,2
Postpartum,Sao Tome and Principe,39,2
Postpartum,Senegal,39,2
Postpartum,Seychelles,39,2
Postpartum,Sierra Leone,39,2
Postpartum,South Africa,39,2
Postpartum,South Sudan,39,2
Postpartum,United Republic of Tanzania,39,2
Postpartum,Togo,39,2
Postpartum,Uganda,39,2
Postpartum,Zambia,39,2
Postpartum,Zimbabwe,39,2
Postpartum,Egypt,39,2
Postpartum,Libya,39,2
Postpartum,Morocco,39,2
Postpartum,Sudan,39,2
Postpartum,Somalia,39,2
Postpartum,Tunisia,39,2
Mental health,Algeria,66,2
Mental health,Angola,66,2
Mental health,Benin,66,2
Mental health,Botswana,66,2
Mental health,Burkina Faso,66,2
Mental health,Burundi,66,2
Mental health,Cabo Verde,66,2
Mental health,Cameroon,66,2
Mental health,Central African Republic,66,2
Mental health,Chad,66,2
Mental health,Comoros,66,2
Mental health,Congo,66,2
Mental health,Cote d'Ivoire,66,2
Mental health,Democratic Republic of the Congo,66,2
Mental health,Equatorial Guinea,66,2
Mental health,Eritrea,66,2
Mental health,Eswatini,66,2
Mental health,Ethiopia,66,2
Mental health,Gabon,66,2
Mental health,Gambia,66,2
Mental health,Ghana,66,2
Mental health,Guinea,66,2
Mental health,Guinea-Bissau,66,2
Mental health,Kenya,66,2
Mental health,Lesotho,66,2
Mental health,Liberia,66,2
Mental health,Madagascar,66,2
Mental health,Malawi,66,2
Mental health,Mali,66,2
Mental health,Mauritius,66,2
Mental health,Mauritania,66,2
Mental health,Mozambique,66,2
Mental health,Namibia,66,2
Mental health,Niger,66,2
Mental health,Nigeria,66,2
Mental health,Rwanda,66,2
Mental health,Sao Tome and Principe,66,2
Mental health,Senegal,66,2
Mental health,Seychelles,66,2
Mental health,Sierra Leone,66,2
Mental health,South Africa,66,2
Mental health,South Sudan,66,2
Mental health,United Republic of Tanzania,66,2
Mental health,Togo,66,2
Mental health,Uganda,66,2
Mental health,Zambia,66,2
Mental health,Zimbabwe,66,2
Mental health,Egypt,66,2
Mental health,Libya,66,2
Mental health,Morocco,66,2
Mental health,Sudan,66,2
Mental health,Somalia,66,2
Mental health,Tunisia,66,2
